School_id,Staff_Id,Admin_email,First_name,Last_name,Admin_title
MI,769,emailaddressredacted,redacted,redacted,
MIHS,4384,emailaddressredacted,redacted,redacted, 
MIHS,5256,emailaddressredacted,redacted,redacted, 
MIVA,1816,emailaddressredacted,redacted,redacted, 
MI,5460,emailaddressredacted,redacted,redacted,Attendance Coordinator
MI,965,emailaddressredacted,redacted,redacted,Cafeteria Worker
MI,1297,emailaddressredacted,redacted,redacted,Cafeteria Worker
MI,2029,emailaddressredacted,redacted,redacted,Cafeteria Worker
MI,3006,emailaddressredacted,redacted,redacted,Cafeteria Worker
MI,5256,emailaddressredacted,redacted,redacted,Cafeteria Worker
MIAM,1127,emailaddressredacted,redacted,redacted,Cafeteria Worker
MIAM,2188,emailaddressredacted,redacted,redacted,Cafeteria Worker
MIAM,4930,emailaddressredacted,redacted,redacted,Cafeteria Worker
MICE,178,emailaddressredacted,redacted,redacted,Cafeteria Worker
MICE,3968,emailaddressredacted,redacted,redacted,Cafeteria Worker
MICE,4020,emailaddressredacted,redacted,redacted,Cafeteria Worker
MICE,4191,emailaddressredacted,redacted,redacted,Cafeteria Worker
MICE,4249,emailaddressredacted,redacted,redacted,Cafeteria Worker
MICE,4469,emailaddressredacted,redacted,redacted,Cafeteria Worker
MICE,4523,emailaddressredacted,redacted,redacted,Cafeteria Worker
MICE,4694,emailaddressredacted,redacted,redacted,Cafeteria Worker
MICR,1341,emailaddressredacted,redacted,redacted,Cafeteria Worker
MICR,3143,emailaddressredacted,redacted,redacted,Cafeteria Worker
MICR,3759,emailaddressredacted,redacted,redacted,Cafeteria Worker
MICR,4254,emailaddressredacted,redacted,redacted,Cafeteria Worker
MICR,4956,emailaddressredacted,redacted,redacted,Cafeteria Worker
MICR,4987,emailaddressredacted,redacted,redacted,Cafeteria Worker
MICR,5273,emailaddressredacted,redacted,redacted,Cafeteria Worker
MIHS,261,emailaddressredacted,redacted,redacted,Cafeteria Worker
MIHS,798,emailaddressredacted,redacted,redacted,Cafeteria Worker
MIHS,892,emailaddressredacted,redacted,redacted,Cafeteria Worker
MIHS,1047,emailaddressredacted,redacted,redacted,Cafeteria Worker
MIHS,1605,emailaddressredacted,redacted,redacted,Cafeteria Worker
MIHS,1698,emailaddressredacted,redacted,redacted,Cafeteria Worker
MIHS,2865,emailaddressredacted,redacted,redacted,Cafeteria Worker
MIHS,2874,emailaddressredacted,redacted,redacted,Cafeteria Worker
MIHS,3416,emailaddressredacted,redacted,redacted,Cafeteria Worker
MIHS,3914,emailaddressredacted,redacted,redacted,Cafeteria Worker
MIHS,5045,emailaddressredacted,redacted,redacted,Cafeteria Worker
MIHS,5118,emailaddressredacted,redacted,redacted,Cafeteria Worker
MIHS,5287,emailaddressredacted,redacted,redacted,Cafeteria Worker
MIMA,2591,emailaddressredacted,redacted,redacted,Cafeteria Worker
MIMA,2737,emailaddressredacted,redacted,redacted,Cafeteria Worker
MIMA,2742,emailaddressredacted,redacted,redacted,Cafeteria Worker
MIMA,5256,emailaddressredacted,redacted,redacted,Cafeteria Worker
MIMR,116,emailaddressredacted,redacted,redacted,Cafeteria Worker
MIMR,3258,emailaddressredacted,redacted,redacted,Cafeteria Worker
MIMR,4729,emailaddressredacted,redacted,redacted,Cafeteria Worker
MIMR,5046,emailaddressredacted,redacted,redacted,Cafeteria Worker
MIMR,5059,emailaddressredacted,redacted,redacted,Cafeteria Worker
MIMR,5247,emailaddressredacted,redacted,redacted,Cafeteria Worker
MIMR,5283,emailaddressredacted,redacted,redacted,Cafeteria Worker
MIRP,2316,emailaddressredacted,redacted,redacted,Cafeteria Worker
MIRP,3448,emailaddressredacted,redacted,redacted,Cafeteria Worker
MIRP,5179,emailaddressredacted,redacted,redacted,Cafeteria Worker
MISG,332,emailaddressredacted,redacted,redacted,Cafeteria Worker
MISG,1522,emailaddressredacted,redacted,redacted,Cafeteria Worker
MISG,1549,emailaddressredacted,redacted,redacted,Cafeteria Worker
MISG,3033,emailaddressredacted,redacted,redacted,Cafeteria Worker
MISG,4928,emailaddressredacted,redacted,redacted,Cafeteria Worker
MISG,4998,emailaddressredacted,redacted,redacted,Cafeteria Worker
MIVA,114,emailaddressredacted,redacted,redacted,Cafeteria Worker
MIVA,851,emailaddressredacted,redacted,redacted,Cafeteria Worker
MIVA,1123,emailaddressredacted,redacted,redacted,Cafeteria Worker
MIVA,2376,emailaddressredacted,redacted,redacted,Cafeteria Worker
MIVA,3444,emailaddressredacted,redacted,redacted,Cafeteria Worker
MIVA,3677,emailaddressredacted,redacted,redacted,Cafeteria Worker
MIVA,3760,emailaddressredacted,redacted,redacted,Cafeteria Worker
MIVA,3766,emailaddressredacted,redacted,redacted,Cafeteria Worker
MIVA,5113,emailaddressredacted,redacted,redacted,Cafeteria Worker
MIVA,5125,emailaddressredacted,redacted,redacted,Cafeteria Worker
MIVA,5132,emailaddressredacted,redacted,redacted,Cafeteria Worker
MIWD,2273,emailaddressredacted,redacted,redacted,Cafeteria Worker
MIAM,5073,emailaddressredacted,redacted,redacted,Custodian
MICR,4993,emailaddressredacted,redacted,redacted,Custodian
MIHS,827,emailaddressredacted,redacted,redacted,Custodian
MIHS,2626,emailaddressredacted,redacted,redacted,Custodian
MIHS,4068,emailaddressredacted,redacted,redacted,Custodian
MIHS,4645,emailaddressredacted,redacted,redacted,Custodian
MIHS,4661,emailaddressredacted,redacted,redacted,Custodian
MIHS,4926,emailaddressredacted,redacted,redacted,Custodian
MIHS,5042,emailaddressredacted,redacted,redacted,Custodian
MIHS,5057,emailaddressredacted,redacted,redacted,Custodian
MIHS,5079,emailaddressredacted,redacted,redacted,Custodian
MIHS,5177,emailaddressredacted,redacted,redacted,Custodian
MIMA,2638,emailaddressredacted,redacted,redacted,Custodian
MIMA,4529,emailaddressredacted,redacted,redacted,Custodian
MIMR,4529,emailaddressredacted,redacted,redacted,Custodian
MIMR,5127,emailaddressredacted,redacted,redacted,Custodian
MIRP,4739,emailaddressredacted,redacted,redacted,Custodian
MIRP,5259,emailaddressredacted,redacted,redacted,Custodian
MIRP,5490,emailaddressredacted,redacted,redacted,Custodian
MISG,384,emailaddressredacted,redacted,redacted,Custodian
MISG,2638,emailaddressredacted,redacted,redacted,Custodian
MISG,4876,emailaddressredacted,redacted,redacted,Custodian
MISG,5251,emailaddressredacted,redacted,redacted,Custodian
MIVA,191,emailaddressredacted,redacted,redacted,Custodian
MIVA,2638,emailaddressredacted,redacted,redacted,Custodian
MIVA,4068,emailaddressredacted,redacted,redacted,Custodian
MIVA,4509,emailaddressredacted,redacted,redacted,Custodian
MIVA,4896,emailaddressredacted,redacted,redacted,Custodian
MIVA,5072,emailaddressredacted,redacted,redacted,Custodian
MIVA,5292,emailaddressredacted,redacted,redacted,Custodian
MIWD,4878,emailaddressredacted,redacted,redacted,Custodian
MI,52,emailaddressredacted,redacted,redacted,Curriculum Coordinator
MI,1625,emailaddressredacted,redacted,redacted,Curriculum Coordinator
MI,3073,emailaddressredacted,redacted,redacted,Curriculum Coordinator
MI,3685,emailaddressredacted,redacted,redacted,Curriculum Coordinator
MI,4355,emailaddressredacted,redacted,redacted,Curriculum Coordinator
MI,5019,emailaddressredacted,redacted,redacted,Curriculum Coordinator
MI,5053,emailaddressredacted,redacted,redacted,Curriculum Coordinator
MI,5211,emailaddressredacted,redacted,redacted,Curriculum Coordinator
MI,5269,emailaddressredacted,redacted,redacted,Curriculum Coordinator
MI,5155,emailaddressredacted,redacted,redacted,Media Specialist
MI,5468,emailaddressredacted,redacted,redacted,Media Specialist
MICE,5157,emailaddressredacted,redacted,redacted,Media Specialist
MICR,5157,emailaddressredacted,redacted,redacted,Media Specialist
MICR,5163,emailaddressredacted,redacted,redacted,Media Specialist
MIMA,5157,emailaddressredacted,redacted,redacted,Media Specialist
MIVA,5467,emailaddressredacted,redacted,redacted,Media Specialist
MIWD,5157,emailaddressredacted,redacted,redacted,Media Specialist
MIWD,5163,emailaddressredacted,redacted,redacted,Media Specialist
MI,1049,emailaddressredacted,redacted,redacted,Not Specified
MI,1611,emailaddressredacted,redacted,redacted,Not Specified
MI,4655,emailaddressredacted,redacted,redacted,Not Specified
MIAM,1467,emailaddressredacted,redacted,redacted,Not Specified
MIAM,990125,emailaddressredacted,redacted,redacted,Not Specified
MICE,5488,emailaddressredacted,redacted,redacted,Not Specified
MICR,170,emailaddressredacted,redacted,redacted,Not Specified
MICR,2602,emailaddressredacted,redacted,redacted,Not Specified
MICR,4980,emailaddressredacted,redacted,redacted,Not Specified
MIHS,199,emailaddressredacted,redacted,redacted,Not Specified
MIHS,266,emailaddressredacted,redacted,redacted,Not Specified
MIHS,1012,emailaddressredacted,redacted,redacted,Not Specified
MIHS,1354,emailaddressredacted,redacted,redacted,Not Specified
MIHS,2412,emailaddressredacted,redacted,redacted,Not Specified
MIHS,4136,emailaddressredacted,redacted,redacted,Not Specified
MIHS,4455,emailaddressredacted,redacted,redacted,Not Specified
MIHS,4456,emailaddressredacted,redacted,redacted,Not Specified
MIHS,4508,emailaddressredacted,redacted,redacted,Not Specified
MIHS,4564,emailaddressredacted,redacted,redacted,Not Specified
MIHS,4709,emailaddressredacted,redacted,redacted,Not Specified
MIHS,4806,emailaddressredacted,redacted,redacted,Not Specified
MIHS,4876,emailaddressredacted,redacted,redacted,Not Specified
MIHS,4982,emailaddressredacted,redacted,redacted,Not Specified
MIHS,5185,emailaddressredacted,redacted,redacted,Not Specified
MIHS,5488,emailaddressredacted,redacted,redacted,Not Specified
MIHS,9100,emailaddressredacted,redacted,redacted,Not Specified
MIHS,9101,emailaddressredacted,redacted,redacted,Not Specified
MIHS,9102,emailaddressredacted,redacted,redacted,Not Specified
MIHS,999999,emailaddressredacted,redacted,redacted,Not Specified
MIHS,WJVS,emailaddressredacted,redacted,redacted,Not Specified
MIMA,4980,emailaddressredacted,redacted,redacted,Not Specified
MIRP,1118,emailaddressredacted,redacted,redacted,Not Specified
MIVA,4644,emailaddressredacted,redacted,redacted,Not Specified
MIVA,4982,emailaddressredacted,redacted,redacted,Not Specified
MIVA,990121,emailaddressredacted,redacted,redacted,Not Specified
MIVA,990124,emailaddressredacted,redacted,redacted,Not Specified
MIWD,158,emailaddressredacted,redacted,redacted,Not Specified
MI,4252,emailaddressredacted,redacted,redacted,Nurse
MI,4901,emailaddressredacted,redacted,redacted,Nurse
MI,5052,emailaddressredacted,redacted,redacted,Nurse
MI,5175,emailaddressredacted,redacted,redacted,Nurse
MI,5480,emailaddressredacted,redacted,redacted,Nurse
MI,5531,emailaddressredacted,redacted,redacted,Nurse
MICE,4134,emailaddressredacted,redacted,redacted,Nurse
MICR,1754,emailaddressredacted,redacted,redacted,Nurse
MIMA,5165,emailaddressredacted,redacted,redacted,Nurse
MIMR,4467,emailaddressredacted,redacted,redacted,Nurse
MIRP,3748,emailaddressredacted,redacted,redacted,Nurse
MIRP,5172,emailaddressredacted,redacted,redacted,Nurse
MISG,3743,emailaddressredacted,redacted,redacted,Nurse
MIWD,4125,emailaddressredacted,redacted,redacted,Nurse
MIAM,4275,emailaddressredacted,redacted,redacted,Principal
MICE,5236,emailaddressredacted,redacted,redacted,Principal
MICR,5084,emailaddressredacted,redacted,redacted,Principal
MIHS,496,emailaddressredacted,redacted,redacted,Principal
MIMA,4664,emailaddressredacted,redacted,redacted,Principal
MIMR,678,emailaddressredacted,redacted,redacted,Principal
MIRP,1719,emailaddressredacted,redacted,redacted,Principal
MISG,5375,emailaddressredacted,redacted,redacted,Principal
MIVA,2419,emailaddressredacted,redacted,redacted,Principal
MI,1249,emailaddressredacted,redacted,redacted,Secretary
MI,3041,emailaddressredacted,redacted,redacted,Secretary
MIAM,1063,emailaddressredacted,redacted,redacted,Secretary
MIAM,5376,emailaddressredacted,redacted,redacted,Secretary
MICE,1389,emailaddressredacted,redacted,redacted,Secretary
MIHS,880,emailaddressredacted,redacted,redacted,Secretary
MIHS,2294,emailaddressredacted,redacted,redacted,Secretary
MIMA,4214,emailaddressredacted,redacted,redacted,Secretary
MIMR,1268,emailaddressredacted,redacted,redacted,Secretary
MIRP,5040,emailaddressredacted,redacted,redacted,Secretary
MISG,997,emailaddressredacted,redacted,redacted,Secretary
MIVA,378,emailaddressredacted,redacted,redacted,Secretary
MIVA,1982,emailaddressredacted,redacted,redacted,Secretary
MIWD,3950,emailaddressredacted,redacted,redacted,Secretary
MI,4103,emailaddressredacted,redacted,redacted,Secretary
MI,3918,emailaddressredacted,redacted,redacted,Nurse
